[matrix size: 1000x1000; n_nonzero: 3187; density: 0.32%]

     (0, 0)         2.5206
     (0, 1)         1.0000
     (1, 1)         1.1831
     (1, 2)         1.0000
     (2, 2)         2.3493
     (2, 3)         1.0000
     (3, 3)         2.3953
     (3, 4)         1.0000
     (4, 4)         2.7349
     (4, 5)         1.0000
     (5, 5)         0.5927
     (5, 6)         1.0000
     (6, 6)         1.0057
     (6, 7)         1.0000
     (7, 7)         2.3047
     (7, 8)         1.0000
     (8, 8)         0.8333
     (8, 9)         1.0000
     (9, 9)         1.6619
     (0, 10)        1.0000
    (10, 10)        1.4322
     (1, 11)        1.0000
    (10, 11)        1.0000
    (11, 11)        1.8866
     (2, 12)        1.0000
    (11, 12)        1.0000
    (12, 12)        1.0944
     (3, 13)        1.0000
    (12, 13)        1.0000
    (13, 13)        1.5402
     (4, 14)        1.0000
    (13, 14)        1.0000
    (14, 14)        2.8567
     (5, 15)        1.0000
    (14, 15)        1.0000
    (15, 15)        2.7486
     (6, 16)        1.0000
    (15, 16)        1.0000
    (16, 16)        1.9071
     (7, 17)        1.0000
    (16, 17)        1.0000
    (17, 17)        2.1519
     (8, 18)        1.0000
    (17, 18)        1.0000
    (18, 18)        0.4248
    (18, 19)        1.0000
    (19, 19)        1.8209
    (10, 20)        1.0000
    (20, 20)        0.0489
    (11, 21)        1.0000
    (20, 21)        1.0000
    (21, 21)        0.7287
    (12, 22)        1.0000
    (21, 22)        1.0000
    (22, 22)        0.4117
    (13, 23)        1.0000
    (22, 23)        1.0000
    (23, 23)        2.4125
    (14, 24)        1.0000
    (23, 24)        1.0000
    (24, 24)        0.4700
    (15, 25)        1.0000
    (24, 25)        1.0000
    (25, 25)        1.2028
    (16, 26)        1.0000
    (25, 26)        1.0000
    (26, 26)        0.3894
    (17, 27)        1.0000
    (26, 27)        1.0000
    (27, 27)        0.3264
    (18, 28)        1.0000
    (27, 28)        1.0000
    (28, 28)        2.9968
    (28, 29)        1.0000
    (29, 29)        0.6548
    (20, 30)        1.0000
    (30, 30)        1.5388
    (21, 31)        1.0000
    (30, 31)        1.0000
    (31, 31)        2.5173
    (22, 32)        1.0000
    (31, 32)        1.0000
    (32, 32)        1.8379
    (23, 33)        1.0000
    (32, 33)        1.0000
    (33, 33)        0.8881
    (24, 34)        1.0000
    (33, 34)        1.0000
    (34, 34)        1.9127
    (25, 35)        1.0000
    (34, 35)        1.0000
    (35, 35)        1.5729
    (26, 36)        1.0000
    (35, 36)        1.0000
    (36, 36)        1.4807
    (27, 37)        1.0000
    (36, 37)        1.0000
    (37, 37)        2.9183
    (28, 38)        1.0000
    (37, 38)        1.0000
    (38, 38)        0.8776
    (38, 39)        1.0000
    (39, 39)        2.3141
    (30, 40)        1.0000
    (40, 40)        1.5802
    (31, 41)        1.0000
    (40, 41)        1.0000
    (41, 41)        2.3097
    (32, 42)        1.0000
    (41, 42)        1.0000
    (42, 42)        1.2007
    (33, 43)        1.0000
    (42, 43)        1.0000
    (43, 43)        2.6746
    (34, 44)        1.0000
    (43, 44)        1.0000
    (44, 44)        0.8499
    (35, 45)        1.0000
    (44, 45)        1.0000
    (45, 45)        1.0574
    (36, 46)        1.0000
    (45, 46)        1.0000
    (46, 46)        2.4232
    (37, 47)        1.0000
    (46, 47)        1.0000
    (47, 47)        2.7571
    (38, 48)        1.0000
    (47, 48)        1.0000
    (48, 48)        0.2093
    (48, 49)        1.0000
    (49, 49)        2.8480
    (40, 50)        1.0000
    (50, 50)        1.5780
    (41, 51)        1.0000
    (50, 51)        1.0000
    (51, 51)        0.2582
    (42, 52)        1.0000
    (51, 52)        1.0000
    (52, 52)        0.5766
    (43, 53)        1.0000
    (52, 53)        1.0000
    (53, 53)        1.9897
    (44, 54)        1.0000
    (53, 54)        1.0000
    (54, 54)        2.6707
    (45, 55)        1.0000
    (54, 55)        1.0000
    (55, 55)        1.0467
    (46, 56)        1.0000
    (55, 56)        1.0000
    (56, 56)        0.1925
    (47, 57)        1.0000
    (56, 57)        1.0000
    (57, 57)        0.0601
    (48, 58)        1.0000
    (57, 58)        1.0000
    (58, 58)        1.3731
    (58, 59)        1.0000
    (59, 59)        0.1893
    (50, 60)        1.0000
    (60, 60)        0.7148
    (51, 61)        1.0000
    (60, 61)        1.0000
    (61, 61)        2.9119
    (52, 62)        1.0000
    (61, 62)        1.0000
    (62, 62)        2.7066
    (53, 63)        1.0000
    (62, 63)        1.0000
    (63, 63)        2.5528
    (54, 64)        1.0000
    (63, 64)        1.0000
    (64, 64)        0.8000
    (55, 65)        1.0000
    (64, 65)        1.0000
    (65, 65)        1.6193
    (56, 66)        1.0000
    (65, 66)        1.0000
    (66, 66)        1.1256
    (57, 67)        1.0000
    (66, 67)        1.0000
    (67, 67)        2.2807
    (58, 68)        1.0000
    (67, 68)        1.0000
    (68, 68)        1.5376
    (68, 69)        1.0000
    (69, 69)        2.0032
    (60, 70)        1.0000
    (70, 70)        1.5948
    (61, 71)        1.0000
    (70, 71)        1.0000
    (71, 71)        0.1178
    (62, 72)        1.0000
    (71, 72)        1.0000
    (72, 72)        1.3129
    (63, 73)        1.0000
    (72, 73)        1.0000
    (73, 73)        2.7955
    (64, 74)        1.0000
    (73, 74)        1.0000
    (74, 74)        2.7924
    (65, 75)        1.0000
    (74, 75)        1.0000
    (75, 75)        2.1629
    (66, 76)        1.0000
    (75, 76)        1.0000
    (76, 76)        0.8529
    (67, 77)        1.0000
    (76, 77)        1.0000
    (77, 77)        2.2156
    (68, 78)        1.0000
    (77, 78)        1.0000
    (78, 78)        1.9199
    (78, 79)        1.0000
    (79, 79)        1.0621
    (70, 80)        1.0000
    (80, 80)        2.0636
    (71, 81)        1.0000
    (80, 81)        1.0000
    (81, 81)        0.4979
    (72, 82)        1.0000
    (81, 82)        1.0000
    (82, 82)        1.3203
    (73, 83)        1.0000
    (82, 83)        1.0000
    (83, 83)        2.6402
    (74, 84)        1.0000
    (83, 84)        1.0000
    (84, 84)        2.4876
    (75, 85)        1.0000
    (84, 85)        1.0000
    (85, 85)        0.9910
    (76, 86)        1.0000
    (85, 86)        1.0000
    (86, 86)        0.6869
    (77, 87)        1.0000
    (86, 87)        1.0000
    (87, 87)        2.6801
    (78, 88)        1.0000
    (87, 88)        1.0000
    (88, 88)        1.0511
    (88, 89)        1.0000
    (89, 89)        2.0600
    (80, 90)        1.0000
    (90, 90)        2.8694
    (81, 91)        1.0000
    (91, 91)        1.7659
    (82, 92)        1.0000
    (92, 92)        1.9719
    (83, 93)        1.0000
    (93, 93)        2.5760
    (84, 94)        1.0000
    (94, 94)        1.3187
    (85, 95)        1.0000
    (95, 95)        2.7719
    (86, 96)        1.0000
    (96, 96)        1.1953
    (87, 97)        1.0000
    (97, 97)        2.4443
    (88, 98)        1.0000
    (98, 98)        2.0527
    (99, 99)        2.7329
     (0, 100)       1.0000
   (100, 100)       1.4475
     (1, 101)       1.0000
   (100, 101)       1.0000
   (101, 101)       0.6475
     (2, 102)       1.0000
   (101, 102)       1.0000
   (102, 102)       2.8508
     (3, 103)       1.0000
   (102, 103)       1.0000
   (103, 103)       2.7604
     (4, 104)       1.0000
   (103, 104)       1.0000
   (104, 104)       0.4430
     (5, 105)       1.0000
   (104, 105)       1.0000
   (105, 105)       2.6432
     (6, 106)       1.0000
   (105, 106)       1.0000
   (106, 106)       1.9232
     (7, 107)       1.0000
   (106, 107)       1.0000
   (107, 107)       1.2959
     (8, 108)       1.0000
   (107, 108)       1.0000
   (108, 108)       1.8588
   (108, 109)       1.0000
   (109, 109)       0.8432
    (10, 110)       1.0000
   (100, 110)       1.0000
   (110, 110)       2.3580
    (11, 111)       1.0000
   (101, 111)       1.0000
   (110, 111)       1.0000
   (111, 111)       0.9224
    (12, 112)       1.0000
   (102, 112)       1.0000
   (111, 112)       1.0000
   (112, 112)       1.3411
    (13, 113)       1.0000
   (103, 113)       1.0000
   (112, 113)       1.0000
   (113, 113)       0.6783
    (14, 114)       1.0000
   (104, 114)       1.0000
   (113, 114)       1.0000
   (114, 114)       0.5626
    (15, 115)       1.0000
   (105, 115)       1.0000
   (114, 115)       1.0000
   (115, 115)       0.8287
    (16, 116)       1.0000
   (106, 116)       1.0000
   (115, 116)       1.0000
   (116, 116)       1.6693
    (17, 117)       1.0000
   (107, 117)       1.0000
   (116, 117)       1.0000
   (117, 117)       1.2495
    (18, 118)       1.0000
   (108, 118)       1.0000
   (117, 118)       1.0000
   (118, 118)       0.5088
   (118, 119)       1.0000
   (119, 119)       2.7204
    (20, 120)       1.0000
   (110, 120)       1.0000
   (120, 120)       0.3095
    (21, 121)       1.0000
   (111, 121)       1.0000
   (120, 121)       1.0000
   (121, 121)       0.3782
    (22, 122)       1.0000
   (112, 122)       1.0000
   (121, 122)       1.0000
   (122, 122)       1.4863
    (23, 123)       1.0000
   (113, 123)       1.0000
   (122, 123)       1.0000
   (123, 123)       2.2814
    (24, 124)       1.0000
   (114, 124)       1.0000
   (123, 124)       1.0000
   (124, 124)       2.9543
    (25, 125)       1.0000
   (115, 125)       1.0000
   (124, 125)       1.0000
   (125, 125)       2.8050
    (26, 126)       1.0000
   (116, 126)       1.0000
   (125, 126)       1.0000
   (126, 126)       2.0533
    (27, 127)       1.0000
   (117, 127)       1.0000
   (126, 127)       1.0000
   (127, 127)       1.1496
    (28, 128)       1.0000
   (118, 128)       1.0000
   (127, 128)       1.0000
   (128, 128)       2.2493
   (128, 129)       1.0000
   (129, 129)       1.1060
    (30, 130)       1.0000
   (120, 130)       1.0000
   (130, 130)       0.8825
    (31, 131)       1.0000
   (121, 131)       1.0000
   (130, 131)       1.0000
   (131, 131)       0.6968
    (32, 132)       1.0000
   (122, 132)       1.0000
   (131, 132)       1.0000
   (132, 132)       1.7535
    (33, 133)       1.0000
   (123, 133)       1.0000
   (132, 133)       1.0000
   (133, 133)       0.7332
    (34, 134)       1.0000
   (124, 134)       1.0000
   (133, 134)       1.0000
   (134, 134)       0.4572
    (35, 135)       1.0000
   (125, 135)       1.0000
   (134, 135)       1.0000
   (135, 135)       2.1964
    (36, 136)       1.0000
   (126, 136)       1.0000
   (135, 136)       1.0000
   (136, 136)       0.3764
    (37, 137)       1.0000
   (127, 137)       1.0000
   (136, 137)       1.0000
   (137, 137)       2.3804
    (38, 138)       1.0000
   (128, 138)       1.0000
   (137, 138)       1.0000
   (138, 138)       0.4923
   (138, 139)       1.0000
   (139, 139)       2.2352
    (40, 140)       1.0000
   (130, 140)       1.0000
   (140, 140)       0.2236
    (41, 141)       1.0000
   (131, 141)       1.0000
   (140, 141)       1.0000
   (141, 141)       2.8503
    (42, 142)       1.0000
   (132, 142)       1.0000
   (141, 142)       1.0000
   (142, 142)       0.1576
    (43, 143)       1.0000
   (133, 143)       1.0000
   (142, 143)       1.0000
   (143, 143)       1.5647
    (44, 144)       1.0000
   (134, 144)       1.0000
   (143, 144)       1.0000
   (144, 144)       0.5286
    (45, 145)       1.0000
   (135, 145)       1.0000
   (144, 145)       1.0000
   (145, 145)       0.7202
    (46, 146)       1.0000
   (136, 146)       1.0000
   (145, 146)       1.0000
   (146, 146)       2.3934
    (47, 147)       1.0000
   (137, 147)       1.0000
   (146, 147)       1.0000
   (147, 147)       2.1980
    (48, 148)       1.0000
   (138, 148)       1.0000
   (147, 148)       1.0000
   (148, 148)       1.9697
   (148, 149)       1.0000
   (149, 149)       2.9022
    (50, 150)       1.0000
   (140, 150)       1.0000
   (150, 150)       1.9184
    (51, 151)       1.0000
   (141, 151)       1.0000
   (150, 151)       1.0000
   (151, 151)       2.2792
    (52, 152)       1.0000
   (142, 152)       1.0000
   (151, 152)       1.0000
   (152, 152)       0.2804
    (53, 153)       1.0000
   (143, 153)       1.0000
   (152, 153)       1.0000
   (153, 153)       0.4047
    (54, 154)       1.0000
   (144, 154)       1.0000
   (153, 154)       1.0000
   (154, 154)       1.5606
    (55, 155)       1.0000
   (145, 155)       1.0000
   (154, 155)       1.0000
   (155, 155)       0.2347
    (56, 156)       1.0000
   (146, 156)       1.0000
   (155, 156)       1.0000
   (156, 156)       0.2097
    (57, 157)       1.0000
   (147, 157)       1.0000
   (156, 157)       1.0000
   (157, 157)       0.6140
    (58, 158)       1.0000
   (148, 158)       1.0000
   (157, 158)       1.0000
   (158, 158)       1.3843
   (158, 159)       1.0000
   (159, 159)       2.4590
    (60, 160)       1.0000
   (150, 160)       1.0000
   (160, 160)       1.7200
    (61, 161)       1.0000
   (151, 161)       1.0000
   (160, 161)       1.0000
   (161, 161)       2.2667
    (62, 162)       1.0000
   (152, 162)       1.0000
   (161, 162)       1.0000
   (162, 162)       0.1558
    (63, 163)       1.0000
   (153, 163)       1.0000
   (162, 163)       1.0000
   (163, 163)       0.4734
    (64, 164)       1.0000
   (154, 164)       1.0000
   (163, 164)       1.0000
   (164, 164)       3.0000
    (65, 165)       1.0000
   (155, 165)       1.0000
   (164, 165)       1.0000
   (165, 165)       0.6130
    (66, 166)       1.0000
   (156, 166)       1.0000
   (165, 166)       1.0000
   (166, 166)       2.6699
    (67, 167)       1.0000
   (157, 167)       1.0000
   (166, 167)       1.0000
   (167, 167)       0.3764
    (68, 168)       1.0000
   (158, 168)       1.0000
   (167, 168)       1.0000
   (168, 168)       2.9934
   (168, 169)       1.0000
   (169, 169)       0.1622
    (70, 170)       1.0000
   (160, 170)       1.0000
   (170, 170)       2.6116
    (71, 171)       1.0000
   (161, 171)       1.0000
   (170, 171)       1.0000
   (171, 171)       0.2170
    (72, 172)       1.0000
   (162, 172)       1.0000
   (171, 172)       1.0000
   (172, 172)       0.0125
    (73, 173)       1.0000
   (163, 173)       1.0000
   (172, 173)       1.0000
   (173, 173)       2.7692
    (74, 174)       1.0000
   (164, 174)       1.0000
   (173, 174)       1.0000
   (174, 174)       1.7817
    (75, 175)       1.0000
   (165, 175)       1.0000
   (174, 175)       1.0000
   (175, 175)       0.5411
    (76, 176)       1.0000
   (166, 176)       1.0000
   (175, 176)       1.0000
   (176, 176)       0.4894
    (77, 177)       1.0000
   (167, 177)       1.0000
   (176, 177)       1.0000
   (177, 177)       1.1751
    (78, 178)       1.0000
   (168, 178)       1.0000
   (177, 178)       1.0000
   (178, 178)       2.7391
   (178, 179)       1.0000
   (179, 179)       2.4591
    (80, 180)       1.0000
   (170, 180)       1.0000
   (180, 180)       1.0773
    (81, 181)       1.0000
   (171, 181)       1.0000
   (180, 181)       1.0000
   (181, 181)       1.6575
    (82, 182)       1.0000
   (172, 182)       1.0000
   (181, 182)       1.0000
   (182, 182)       1.7383
    (83, 183)       1.0000
   (173, 183)       1.0000
   (182, 183)       1.0000
   (183, 183)       1.3577
    (84, 184)       1.0000
   (174, 184)       1.0000
   (183, 184)       1.0000
   (184, 184)       2.0622
    (85, 185)       1.0000
   (175, 185)       1.0000
   (184, 185)       1.0000
   (185, 185)       0.2989
    (86, 186)       1.0000
   (176, 186)       1.0000
   (185, 186)       1.0000
   (186, 186)       1.5924
    (87, 187)       1.0000
   (177, 187)       1.0000
   (186, 187)       1.0000
   (187, 187)       2.2719
    (88, 188)       1.0000
   (178, 188)       1.0000
   (187, 188)       1.0000
   (188, 188)       0.9129
   (188, 189)       1.0000
   (189, 189)       2.9767
   (180, 190)       1.0000
   (190, 190)       1.7309
   (181, 191)       1.0000
   (191, 191)       2.6328
   (182, 192)       1.0000
   (192, 192)       2.2434
   (183, 193)       1.0000
   (193, 193)       1.8867
   (184, 194)       1.0000
   (194, 194)       0.1063
   (185, 195)       1.0000
   (195, 195)       2.2434
   (186, 196)       1.0000
   (196, 196)       2.4997
   (187, 197)       1.0000
   (197, 197)       2.7761
   (188, 198)       1.0000
   (198, 198)       2.6198
   (199, 199)       2.4931
   (100, 200)       1.0000
   (200, 200)       2.9383
   (101, 201)       1.0000
   (200, 201)       1.0000
   (201, 201)       2.2314
   (102, 202)       1.0000
   (201, 202)       1.0000
   (202, 202)       2.7101
   (103, 203)       1.0000
   (202, 203)       1.0000
   (203, 203)       2.9508
   (104, 204)       1.0000
   (203, 204)       1.0000
   (204, 204)       2.0006
   (105, 205)       1.0000
   (204, 205)       1.0000
   (205, 205)       1.4918
   (106, 206)       1.0000
   (205, 206)       1.0000
   (206, 206)       0.4919
   (107, 207)       1.0000
   (206, 207)       1.0000
   (207, 207)       2.4900
   (108, 208)       1.0000
   (207, 208)       1.0000
   (208, 208)       2.6668
   (208, 209)       1.0000
   (209, 209)       0.2310
   (110, 210)       1.0000
   (200, 210)       1.0000
   (210, 210)       1.9491
   (111, 211)       1.0000
   (201, 211)       1.0000
   (210, 211)       1.0000
   (211, 211)       0.7441
   (112, 212)       1.0000
   (202, 212)       1.0000
   (211, 212)       1.0000
   (212, 212)       1.8884
   (113, 213)       1.0000
   (203, 213)       1.0000
   (212, 213)       1.0000
   (213, 213)       0.6874
   (114, 214)       1.0000
   (204, 214)       1.0000
   (213, 214)       1.0000
   (214, 214)       2.1019
   (115, 215)       1.0000
   (205, 215)       1.0000
   (214, 215)       1.0000
   (215, 215)       0.9506
   (116, 216)       1.0000
   (206, 216)       1.0000
   (215, 216)       1.0000
   (216, 216)       0.9863
   (117, 217)       1.0000
   (207, 217)       1.0000
   (216, 217)       1.0000
   (217, 217)       0.6943
   (118, 218)       1.0000
   (208, 218)       1.0000
   (217, 218)       1.0000
   (218, 218)       0.2225
   (218, 219)       1.0000
   (219, 219)       1.8992
   (120, 220)       1.0000
   (210, 220)       1.0000
   (220, 220)       0.6710
   (121, 221)       1.0000
   (211, 221)       1.0000
   (220, 221)       1.0000
   (221, 221)       1.9534
   (122, 222)       1.0000
   (212, 222)       1.0000
   (221, 222)       1.0000
   (222, 222)       1.5321
   (123, 223)       1.0000
   (213, 223)       1.0000
   (222, 223)       1.0000
   (223, 223)       2.9144
   (124, 224)       1.0000
   (214, 224)       1.0000
   (223, 224)       1.0000
   (224, 224)       0.8401
   (125, 225)       1.0000
   (215, 225)       1.0000
   (224, 225)       1.0000
   (225, 225)       1.6383
   (126, 226)       1.0000
   (216, 226)       1.0000
   (225, 226)       1.0000
   (226, 226)       2.1578
   (127, 227)       1.0000
   (217, 227)       1.0000
   (226, 227)       1.0000
   (227, 227)       0.3398
   (128, 228)       1.0000
   (218, 228)       1.0000
   (227, 228)       1.0000
   (228, 228)       1.4145
   (228, 229)       1.0000
   (229, 229)       1.7776
   (130, 230)       1.0000
   (220, 230)       1.0000
   (230, 230)       2.8330
   (131, 231)       1.0000
   (221, 231)       1.0000
   (230, 231)       1.0000
   (231, 231)       1.3528
   (132, 232)       1.0000
   (222, 232)       1.0000
   (231, 232)       1.0000
   (232, 232)       1.0091
   (133, 233)       1.0000
   (223, 233)       1.0000
   (232, 233)       1.0000
   (233, 233)       2.5431
   (134, 234)       1.0000
   (224, 234)       1.0000
   (233, 234)       1.0000
   (234, 234)       1.3035
   (135, 235)       1.0000
   (225, 235)       1.0000
   (234, 235)       1.0000
   (235, 235)       0.0097
   (136, 236)       1.0000
   (226, 236)       1.0000
   (235, 236)       1.0000
   (236, 236)       1.0348
   (137, 237)       1.0000
   (227, 237)       1.0000
   (236, 237)       1.0000
   (237, 237)       1.7954
   (138, 238)       1.0000
   (228, 238)       1.0000
   (237, 238)       1.0000
   (238, 238)       2.4997
   (238, 239)       1.0000
   (239, 239)       0.7017
   (140, 240)       1.0000
   (230, 240)       1.0000
   (240, 240)       2.0264
   (141, 241)       1.0000
   (231, 241)       1.0000
   (240, 241)       1.0000
   (241, 241)       1.4489
   (142, 242)       1.0000
   (232, 242)       1.0000
   (241, 242)       1.0000
   (242, 242)       1.4458
   (143, 243)       1.0000
   (233, 243)       1.0000
   (242, 243)       1.0000
   (243, 243)       0.9149
   (144, 244)       1.0000
   (234, 244)       1.0000
   (243, 244)       1.0000
   (244, 244)       2.1363
   (145, 245)       1.0000
   (235, 245)       1.0000
   (244, 245)       1.0000
   (245, 245)       0.5477
   (146, 246)       1.0000
   (236, 246)       1.0000
   (245, 246)       1.0000
   (246, 246)       1.8655
   (147, 247)       1.0000
   (237, 247)       1.0000
   (246, 247)       1.0000
   (247, 247)       0.1226
   (148, 248)       1.0000
   (238, 248)       1.0000
   (247, 248)       1.0000
   (248, 248)       1.2420
   (248, 249)       1.0000
   (249, 249)       2.0880
   (150, 250)       1.0000
   (240, 250)       1.0000
   (250, 250)       2.0218
   (151, 251)       1.0000
   (241, 251)       1.0000
   (250, 251)       1.0000
   (251, 251)       1.9129
   (152, 252)       1.0000
   (242, 252)       1.0000
   (251, 252)       1.0000
   (252, 252)       1.0413
   (153, 253)       1.0000
   (243, 253)       1.0000
   (252, 253)       1.0000
   (253, 253)       0.5539
   (154, 254)       1.0000
   (244, 254)       1.0000
   (253, 254)       1.0000
   (254, 254)       1.8273
   (155, 255)       1.0000
   (245, 255)       1.0000
   (254, 255)       1.0000
   (255, 255)       1.8815
   (156, 256)       1.0000
   (246, 256)       1.0000
   (255, 256)       1.0000
   (256, 256)       2.1922
   (157, 257)       1.0000
   (247, 257)       1.0000
   (256, 257)       1.0000
   (257, 257)       0.9851
   (158, 258)       1.0000
   (248, 258)       1.0000
   (257, 258)       1.0000
   (258, 258)       2.2213
   (258, 259)       1.0000
   (259, 259)       0.6066
   (160, 260)       1.0000
   (250, 260)       1.0000
   (260, 260)       2.7627
   (161, 261)       1.0000
   (251, 261)       1.0000
   (260, 261)       1.0000
   (261, 261)       2.0543
   (162, 262)       1.0000
   (252, 262)       1.0000
   (261, 262)       1.0000
   (262, 262)       1.9594
   (163, 263)       1.0000
   (253, 263)       1.0000
   (262, 263)       1.0000
   (263, 263)       0.7718
   (164, 264)       1.0000
   (254, 264)       1.0000
   (263, 264)       1.0000
   (264, 264)       1.5973
   (165, 265)       1.0000
   (255, 265)       1.0000
   (264, 265)       1.0000
   (265, 265)       0.2629
   (166, 266)       1.0000
   (256, 266)       1.0000
   (265, 266)       1.0000
   (266, 266)       0.7815
   (167, 267)       1.0000
   (257, 267)       1.0000
   (266, 267)       1.0000
   (267, 267)       2.6322
   (168, 268)       1.0000
   (258, 268)       1.0000
   (267, 268)       1.0000
   (268, 268)       2.0584
   (268, 269)       1.0000
   (269, 269)       0.2812
   (170, 270)       1.0000
   (260, 270)       1.0000
   (270, 270)       0.3338
   (171, 271)       1.0000
   (261, 271)       1.0000
   (270, 271)       1.0000
   (271, 271)       1.0848
   (172, 272)       1.0000
   (262, 272)       1.0000
   (271, 272)       1.0000
   (272, 272)       1.7301
   (173, 273)       1.0000
   (263, 273)       1.0000
   (272, 273)       1.0000
   (273, 273)       1.7796
   (174, 274)       1.0000
   (264, 274)       1.0000
   (273, 274)       1.0000
   (274, 274)       1.9997
   (175, 275)       1.0000
   (265, 275)       1.0000
   (274, 275)       1.0000
   (275, 275)       0.8663
   (176, 276)       1.0000
   (266, 276)       1.0000
   (275, 276)       1.0000
   (276, 276)       2.3273
   (177, 277)       1.0000
   (267, 277)       1.0000
   (276, 277)       1.0000
   (277, 277)       0.8651
   (178, 278)       1.0000
   (268, 278)       1.0000
   (277, 278)       1.0000
   (278, 278)       0.9889
   (278, 279)       1.0000
   (279, 279)       0.5693
   (180, 280)       1.0000
   (270, 280)       1.0000
   (280, 280)       2.9531
   (181, 281)       1.0000
   (271, 281)       1.0000
   (280, 281)       1.0000
   (281, 281)       0.0107
   (182, 282)       1.0000
   (272, 282)       1.0000
   (281, 282)       1.0000
   (282, 282)       2.4822
   (183, 283)       1.0000
   (273, 283)       1.0000
   (282, 283)       1.0000
   (283, 283)       0.9944
   (184, 284)       1.0000
   (274, 284)       1.0000
   (283, 284)       1.0000
   (284, 284)       0.5646
   (185, 285)       1.0000
   (275, 285)       1.0000
   (284, 285)       1.0000
   (285, 285)       1.3095
   (186, 286)       1.0000
   (276, 286)       1.0000
   (285, 286)       1.0000
   (286, 286)       2.8759
   (187, 287)       1.0000
   (277, 287)       1.0000
   (286, 287)       1.0000
   (287, 287)       2.7568
   (188, 288)       1.0000
   (278, 288)       1.0000
   (287, 288)       1.0000
   (288, 288)       2.2946
   (288, 289)       1.0000
   (289, 289)       2.0972
   (280, 290)       1.0000
   (290, 290)       0.3634
   (281, 291)       1.0000
   (291, 291)       2.0574
   (282, 292)       1.0000
   (292, 292)       1.1515
   (283, 293)       1.0000
   (293, 293)       2.3228
   (284, 294)       1.0000
   (294, 294)       2.8292
   (285, 295)       1.0000
   (295, 295)       2.7488
   (286, 296)       1.0000
   (296, 296)       2.5858
   (287, 297)       1.0000
   (297, 297)       0.6106
   (288, 298)       1.0000
   (298, 298)       2.3810
   (299, 299)       1.6441
   (200, 300)       1.0000
   (300, 300)       0.8919
   (201, 301)       1.0000
   (300, 301)       1.0000
   (301, 301)       2.7148
   (202, 302)       1.0000
   (301, 302)       1.0000
   (302, 302)       2.7289
   (203, 303)       1.0000
   (302, 303)       1.0000
   (303, 303)       2.6219
   (204, 304)       1.0000
   (303, 304)       1.0000
   (304, 304)       1.4944
   (205, 305)       1.0000
   (304, 305)       1.0000
   (305, 305)       1.7286
   (206, 306)       1.0000
   (305, 306)       1.0000
   (306, 306)       0.4883
   (207, 307)       1.0000
   (306, 307)       1.0000
   (307, 307)       0.8217
   (208, 308)       1.0000
   (307, 308)       1.0000
   (308, 308)       2.5937
   (308, 309)       1.0000
   (309, 309)       1.4772
   (210, 310)       1.0000
   (300, 310)       1.0000
   (310, 310)       1.3910
   (211, 311)       1.0000
   (301, 311)       1.0000
   (310, 311)       1.0000
   (311, 311)       2.5468
   (212, 312)       1.0000
   (302, 312)       1.0000
   (311, 312)       1.0000
   (312, 312)       1.4879
   (213, 313)       1.0000
   (303, 313)       1.0000
   (312, 313)       1.0000
   (313, 313)       0.8732
   (214, 314)       1.0000
   (304, 314)       1.0000
   (313, 314)       1.0000
   (314, 314)       0.5413
   (215, 315)       1.0000
   (305, 315)       1.0000
   (314, 315)       1.0000
   (315, 315)       2.0525
   (216, 316)       1.0000
   (306, 316)       1.0000
   (315, 316)       1.0000
   (316, 316)       2.1827
   (217, 317)       1.0000
   (307, 317)       1.0000
   (316, 317)       1.0000
   (317, 317)       0.4172
   (218, 318)       1.0000
   (308, 318)       1.0000
   (317, 318)       1.0000
   (318, 318)       1.8093
   (318, 319)       1.0000
   (319, 319)       1.4773
   (220, 320)       1.0000
   (310, 320)       1.0000
   (320, 320)       2.5144
   (221, 321)       1.0000
   (311, 321)       1.0000
   (320, 321)       1.0000
   (321, 321)       2.1728
   (222, 322)       1.0000
   (312, 322)       1.0000
   (321, 322)       1.0000
   (322, 322)       0.5346
   (223, 323)       1.0000
   (313, 323)       1.0000
   (322, 323)       1.0000
   (323, 323)       0.6659
   (224, 324)       1.0000
   (314, 324)       1.0000
   (323, 324)       1.0000
   (324, 324)       1.4956
   (225, 325)       1.0000
   (315, 325)       1.0000
   (324, 325)       1.0000
   (325, 325)       0.3638
   (226, 326)       1.0000
   (316, 326)       1.0000
   (325, 326)       1.0000
   (326, 326)       0.4147
   (227, 327)       1.0000
   (317, 327)       1.0000
   (326, 327)       1.0000
   (327, 327)       1.0813
   (228, 328)       1.0000
   (318, 328)       1.0000
   (327, 328)       1.0000
   (328, 328)       0.9744
   (328, 329)       1.0000
   (329, 329)       2.7957
   (230, 330)       1.0000
   (320, 330)       1.0000
   (330, 330)       2.7255
   (231, 331)       1.0000
   (321, 331)       1.0000
   (330, 331)       1.0000
   (331, 331)       1.8663
   (232, 332)       1.0000
   (322, 332)       1.0000
   (331, 332)       1.0000
   (332, 332)       2.5105
   (233, 333)       1.0000
   (323, 333)       1.0000
   (332, 333)       1.0000
   (333, 333)       2.4544
   (234, 334)       1.0000
   (324, 334)       1.0000
   (333, 334)       1.0000
   (334, 334)       1.4882
   (235, 335)       1.0000
   (325, 335)       1.0000
   (334, 335)       1.0000
   (335, 335)       1.0049
   (236, 336)       1.0000
   (326, 336)       1.0000
   (335, 336)       1.0000
   (336, 336)       1.1830
   (237, 337)       1.0000
   (327, 337)       1.0000
   (336, 337)       1.0000
   (337, 337)       1.9765
   (238, 338)       1.0000
   (328, 338)       1.0000
   (337, 338)       1.0000
   (338, 338)       1.8266
   (338, 339)       1.0000
   (339, 339)       0.7767
   (240, 340)       1.0000
   (330, 340)       1.0000
   (340, 340)       0.4537
   (241, 341)       1.0000
   (331, 341)       1.0000
   (340, 341)       1.0000
   (341, 341)       0.2176
   (242, 342)       1.0000
   (332, 342)       1.0000
   (341, 342)       1.0000
   (342, 342)       0.3235
   (243, 343)       1.0000
   (333, 343)       1.0000
   (342, 343)       1.0000
   (343, 343)       1.9416
   (244, 344)       1.0000
   (334, 344)       1.0000
   (343, 344)       1.0000
   (344, 344)       1.0908
   (245, 345)       1.0000
   (335, 345)       1.0000
   (344, 345)       1.0000
   (345, 345)       0.8648
   (246, 346)       1.0000
   (336, 346)       1.0000
   (345, 346)       1.0000
   (346, 346)       0.9942
   (247, 347)       1.0000
   (337, 347)       1.0000
   (346, 347)       1.0000
   (347, 347)       0.2734
   (248, 348)       1.0000
   (338, 348)       1.0000
   (347, 348)       1.0000
   (348, 348)       1.2820
   (348, 349)       1.0000
   (349, 349)       2.8035
   (250, 350)       1.0000
   (340, 350)       1.0000
   (350, 350)       1.7507
   (251, 351)       1.0000
   (341, 351)       1.0000
   (350, 351)       1.0000
   (351, 351)       0.7964
   (252, 352)       1.0000
   (342, 352)       1.0000
   (351, 352)       1.0000
   (352, 352)       1.9762
   (253, 353)       1.0000
   (343, 353)       1.0000
   (352, 353)       1.0000
   (353, 353)       2.2853
   (254, 354)       1.0000
   (344, 354)       1.0000
   (353, 354)       1.0000
   (354, 354)       1.4623
   (255, 355)       1.0000
   (345, 355)       1.0000
   (354, 355)       1.0000
   (355, 355)       0.4718
   (256, 356)       1.0000
   (346, 356)       1.0000
   (355, 356)       1.0000
   (356, 356)       2.6491
   (257, 357)       1.0000
   (347, 357)       1.0000
   (356, 357)       1.0000
   (357, 357)       1.8770
   (258, 358)       1.0000
   (348, 358)       1.0000
   (357, 358)       1.0000
   (358, 358)       1.5531
   (358, 359)       1.0000
   (359, 359)       0.6235
   (260, 360)       1.0000
   (350, 360)       1.0000
   (360, 360)       1.6727
   (261, 361)       1.0000
   (351, 361)       1.0000
   (360, 361)       1.0000
   (361, 361)       1.2786
   (262, 362)       1.0000
   (352, 362)       1.0000
   (361, 362)       1.0000
   (362, 362)       2.4898
   (263, 363)       1.0000
   (353, 363)       1.0000
   (362, 363)       1.0000
   (363, 363)       1.1832
   (264, 364)       1.0000
   (354, 364)       1.0000
   (363, 364)       1.0000
   (364, 364)       0.7330
   (265, 365)       1.0000
   (355, 365)       1.0000
   (364, 365)       1.0000
   (365, 365)       0.9780
   (266, 366)       1.0000
   (356, 366)       1.0000
   (365, 366)       1.0000
   (366, 366)       2.1881
   (267, 367)       1.0000
   (357, 367)       1.0000
   (366, 367)       1.0000
   (367, 367)       1.9160
   (268, 368)       1.0000
   (358, 368)       1.0000
   (367, 368)       1.0000
   (368, 368)       2.9545
   (368, 369)       1.0000
   (369, 369)       1.0147
   (270, 370)       1.0000
   (360, 370)       1.0000
   (370, 370)       2.6927
   (271, 371)       1.0000
   (361, 371)       1.0000
   (370, 371)       1.0000
   (371, 371)       0.4082
   (272, 372)       1.0000
   (362, 372)       1.0000
   (371, 372)       1.0000
   (372, 372)       1.2324
   (273, 373)       1.0000
   (363, 373)       1.0000
   (372, 373)       1.0000
   (373, 373)       0.0162
   (274, 374)       1.0000
   (364, 374)       1.0000
   (373, 374)       1.0000
   (374, 374)       2.3498
   (275, 375)       1.0000
   (365, 375)       1.0000
   (374, 375)       1.0000
   (375, 375)       2.3232
   (276, 376)       1.0000
   (366, 376)       1.0000
   (375, 376)       1.0000
   (376, 376)       0.8810
   (277, 377)       1.0000
   (367, 377)       1.0000
   (376, 377)       1.0000
   (377, 377)       0.3440
   (278, 378)       1.0000
   (368, 378)       1.0000
   (377, 378)       1.0000
   (378, 378)       2.5966
   (378, 379)       1.0000
   (379, 379)       2.1630
   (280, 380)       1.0000
   (370, 380)       1.0000
   (380, 380)       0.1475
   (281, 381)       1.0000
   (371, 381)       1.0000
   (380, 381)       1.0000
   (381, 381)       1.3473
   (282, 382)       1.0000
   (372, 382)       1.0000
   (381, 382)       1.0000
   (382, 382)       2.9594
   (283, 383)       1.0000
   (373, 383)       1.0000
   (382, 383)       1.0000
   (383, 383)       2.1237
   (284, 384)       1.0000
   (374, 384)       1.0000
   (383, 384)       1.0000
   (384, 384)       0.6326
   (285, 385)       1.0000
   (375, 385)       1.0000
   (384, 385)       1.0000
   (385, 385)       1.4217
   (286, 386)       1.0000
   (376, 386)       1.0000
   (385, 386)       1.0000
   (386, 386)       2.5955
   (287, 387)       1.0000
   (377, 387)       1.0000
   (386, 387)       1.0000
   (387, 387)       0.2818
   (288, 388)       1.0000
   (378, 388)       1.0000
   (387, 388)       1.0000
   (388, 388)       0.2987
   (388, 389)       1.0000
   (389, 389)       1.1487
   (380, 390)       1.0000
   (390, 390)       0.9053
   (381, 391)       1.0000
   (391, 391)       1.9714
   (382, 392)       1.0000
   (392, 392)       2.4273
   (383, 393)       1.0000
   (393, 393)       0.3951
   (384, 394)       1.0000
   (394, 394)       0.1545
   (385, 395)       1.0000
   (395, 395)       0.1603
   (386, 396)       1.0000
   (396, 396)       1.3731
   (387, 397)       1.0000
   (397, 397)       2.3426
   (388, 398)       1.0000
   (398, 398)       2.0762
   (399, 399)       1.3277
   (300, 400)       1.0000
   (400, 400)       0.3573
   (301, 401)       1.0000
   (400, 401)       1.0000
   (401, 401)       1.7689
   (302, 402)       1.0000
   (401, 402)       1.0000
   (402, 402)       1.7359
   (303, 403)       1.0000
   (402, 403)       1.0000
   (403, 403)       1.5897
   (304, 404)       1.0000
   (403, 404)       1.0000
   (404, 404)       1.7851
   (305, 405)       1.0000
   (404, 405)       1.0000
   (405, 405)       1.0858
   (306, 406)       1.0000
   (405, 406)       1.0000
   (406, 406)       0.9129
   (307, 407)       1.0000
   (406, 407)       1.0000
   (407, 407)       2.6662
   (308, 408)       1.0000
   (407, 408)       1.0000
   (408, 408)       1.4298
   (408, 409)       1.0000
   (409, 409)       0.5095
   (310, 410)       1.0000
   (400, 410)       1.0000
   (410, 410)       1.8292
   (311, 411)       1.0000
   (401, 411)       1.0000
   (410, 411)       1.0000
   (411, 411)       1.5772
   (312, 412)       1.0000
   (402, 412)       1.0000
   (411, 412)       1.0000
   (412, 412)       1.8568
   (313, 413)       1.0000
   (403, 413)       1.0000
   (412, 413)       1.0000
   (413, 413)       1.7886
   (314, 414)       1.0000
   (404, 414)       1.0000
   (413, 414)       1.0000
   (414, 414)       0.7010
   (315, 415)       1.0000
   (405, 415)       1.0000
   (414, 415)       1.0000
   (415, 415)       2.4894
   (316, 416)       1.0000
   (406, 416)       1.0000
   (415, 416)       1.0000
   (416, 416)       0.2103
   (317, 417)       1.0000
   (407, 417)       1.0000
   (416, 417)       1.0000
   (417, 417)       0.2965
   (318, 418)       1.0000
   (408, 418)       1.0000
   (417, 418)       1.0000
   (418, 418)       2.7712
   (418, 419)       1.0000
   (419, 419)       0.5089
   (320, 420)       1.0000
   (410, 420)       1.0000
   (420, 420)       1.4452
   (321, 421)       1.0000
   (411, 421)       1.0000
   (420, 421)       1.0000
   (421, 421)       0.6765
   (322, 422)       1.0000
   (412, 422)       1.0000
   (421, 422)       1.0000
   (422, 422)       2.4803
   (323, 423)       1.0000
   (413, 423)       1.0000
   (422, 423)       1.0000
   (423, 423)       0.8725
   (324, 424)       1.0000
   (414, 424)       1.0000
   (423, 424)       1.0000
   (424, 424)       1.0716
   (325, 425)       1.0000
   (415, 425)       1.0000
   (424, 425)       1.0000
   (425, 425)       2.6348
   (326, 426)       1.0000
   (416, 426)       1.0000
   (425, 426)       1.0000
   (426, 426)       1.0328
   (327, 427)       1.0000
   (417, 427)       1.0000
   (426, 427)       1.0000
   (427, 427)       2.4447
   (328, 428)       1.0000
   (418, 428)       1.0000
   (427, 428)       1.0000
   (428, 428)       1.9774
   (428, 429)       1.0000
   (429, 429)       0.1090
   (330, 430)       1.0000
   (420, 430)       1.0000
   (430, 430)       0.7724
   (331, 431)       1.0000
   (421, 431)       1.0000
   (430, 431)       1.0000
   (431, 431)       2.3348
   (332, 432)       1.0000
   (422, 432)       1.0000
   (431, 432)       1.0000
   (432, 432)       1.8779
   (333, 433)       1.0000
   (423, 433)       1.0000
   (432, 433)       1.0000
   (433, 433)       2.5083
   (334, 434)       1.0000
   (424, 434)       1.0000
   (433, 434)       1.0000
   (434, 434)       0.9245
   (335, 435)       1.0000
   (425, 435)       1.0000
   (434, 435)       1.0000
   (435, 435)       0.6630
   (336, 436)       1.0000
   (426, 436)       1.0000
   (435, 436)       1.0000
   (436, 436)       0.5941
   (337, 437)       1.0000
   (427, 437)       1.0000
   (436, 437)       1.0000
   (437, 437)       1.8373
   (338, 438)       1.0000
   (428, 438)       1.0000
   (437, 438)       1.0000
   (438, 438)       0.3292
   (438, 439)       1.0000
   (439, 439)       2.0238
   (340, 440)       1.0000
   (430, 440)       1.0000
   (440, 440)       2.3468
   (341, 441)       1.0000
   (431, 441)       1.0000
   (440, 441)       1.0000
   (441, 441)       2.1584
   (342, 442)       1.0000
   (432, 442)       1.0000
   (441, 442)       1.0000
   (442, 442)       0.6011
   (343, 443)       1.0000
   (433, 443)       1.0000
   (442, 443)       1.0000
   (443, 443)       1.2036
   (344, 444)       1.0000
   (434, 444)       1.0000
   (443, 444)       1.0000
   (444, 444)       0.9470
   (345, 445)       1.0000
   (435, 445)       1.0000
   (444, 445)       1.0000
   (445, 445)       1.3020
   (346, 446)       1.0000
   (436, 446)       1.0000
   (445, 446)       1.0000
   (446, 446)       0.6930
   (347, 447)       1.0000
   (437, 447)       1.0000
   (446, 447)       1.0000
   (447, 447)       1.1572
   (348, 448)       1.0000
   (438, 448)       1.0000
   (447, 448)       1.0000
   (448, 448)       1.5985
   (448, 449)       1.0000
   (449, 449)       0.4642
   (350, 450)       1.0000
   (440, 450)       1.0000
   (450, 450)       1.6662
   (351, 451)       1.0000
   (441, 451)       1.0000
   (450, 451)       1.0000
   (451, 451)       0.0437
   (352, 452)       1.0000
   (442, 452)       1.0000
   (451, 452)       1.0000
   (452, 452)       1.1406
   (353, 453)       1.0000
   (443, 453)       1.0000
   (452, 453)       1.0000
   (453, 453)       1.1465
   (354, 454)       1.0000
   (444, 454)       1.0000
   (453, 454)       1.0000
   (454, 454)       0.9162
   (355, 455)       1.0000
   (445, 455)       1.0000
   (454, 455)       1.0000
   (455, 455)       2.2122
   (356, 456)       1.0000
   (446, 456)       1.0000
   (455, 456)       1.0000
   (456, 456)       0.7813
   (357, 457)       1.0000
   (447, 457)       1.0000
   (456, 457)       1.0000
   (457, 457)       1.9490
   (358, 458)       1.0000
   (448, 458)       1.0000
   (457, 458)       1.0000
   (458, 458)       1.6569
   (458, 459)       1.0000
   (459, 459)       2.7588
   (360, 460)       1.0000
   (450, 460)       1.0000
   (460, 460)       2.0580
   (361, 461)       1.0000
   (451, 461)       1.0000
   (460, 461)       1.0000
   (461, 461)       2.4294
   (362, 462)       1.0000
   (452, 462)       1.0000
   (461, 462)       1.0000
   (462, 462)       2.0935
   (363, 463)       1.0000
   (453, 463)       1.0000
   (462, 463)       1.0000
   (463, 463)       0.9359
   (364, 464)       1.0000
   (454, 464)       1.0000
   (463, 464)       1.0000
   (464, 464)       1.9377
   (365, 465)       1.0000
   (455, 465)       1.0000
   (464, 465)       1.0000
   (465, 465)       0.0180
   (366, 466)       1.0000
   (456, 466)       1.0000
   (465, 466)       1.0000
   (466, 466)       1.5989
   (367, 467)       1.0000
   (457, 467)       1.0000
   (466, 467)       1.0000
   (467, 467)       2.5317
   (368, 468)       1.0000
   (458, 468)       1.0000
   (467, 468)       1.0000
   (468, 468)       1.8553
   (468, 469)       1.0000
   (469, 469)       1.9281
   (370, 470)       1.0000
   (460, 470)       1.0000
   (470, 470)       1.5555
   (371, 471)       1.0000
   (461, 471)       1.0000
   (470, 471)       1.0000
   (471, 471)       1.2021
   (372, 472)       1.0000
   (462, 472)       1.0000
   (471, 472)       1.0000
   (472, 472)       1.0865
   (373, 473)       1.0000
   (463, 473)       1.0000
   (472, 473)       1.0000
   (473, 473)       2.1566
   (374, 474)       1.0000
   (464, 474)       1.0000
   (473, 474)       1.0000
   (474, 474)       2.4057
   (375, 475)       1.0000
   (465, 475)       1.0000
   (474, 475)       1.0000
   (475, 475)       2.0334
   (376, 476)       1.0000
   (466, 476)       1.0000
   (475, 476)       1.0000
   (476, 476)       0.4586
   (377, 477)       1.0000
   (467, 477)       1.0000
   (476, 477)       1.0000
   (477, 477)       0.0987
   (378, 478)       1.0000
   (468, 478)       1.0000
   (477, 478)       1.0000
   (478, 478)       0.1907
   (478, 479)       1.0000
   (479, 479)       2.0572
   (380, 480)       1.0000
   (470, 480)       1.0000
   (480, 480)       0.5628
   (381, 481)       1.0000
   (471, 481)       1.0000
   (480, 481)       1.0000
   (481, 481)       1.8569
   (382, 482)       1.0000
   (472, 482)       1.0000
   (481, 482)       1.0000
   (482, 482)       2.1009
   (383, 483)       1.0000
   (473, 483)       1.0000
   (482, 483)       1.0000
   (483, 483)       1.7035
   (384, 484)       1.0000
   (474, 484)       1.0000
   (483, 484)       1.0000
   (484, 484)       0.0034
   (385, 485)       1.0000
   (475, 485)       1.0000
   (484, 485)       1.0000
   (485, 485)       0.0171
   (386, 486)       1.0000
   (476, 486)       1.0000
   (485, 486)       1.0000
   (486, 486)       0.9157
   (387, 487)       1.0000
   (477, 487)       1.0000
   (486, 487)       1.0000
   (487, 487)       0.7847
   (388, 488)       1.0000
   (478, 488)       1.0000
   (487, 488)       1.0000
   (488, 488)       1.9661
   (488, 489)       1.0000
   (489, 489)       2.5727
   (480, 490)       1.0000
   (490, 490)       0.5435
   (481, 491)       1.0000
   (491, 491)       1.0241
   (482, 492)       1.0000
   (492, 492)       2.0020
   (483, 493)       1.0000
   (493, 493)       2.6370
   (484, 494)       1.0000
   (494, 494)       1.9599
   (485, 495)       1.0000
   (495, 495)       0.9397
   (486, 496)       1.0000
   (496, 496)       2.6550
   (487, 497)       1.0000
   (497, 497)       0.5588
   (488, 498)       1.0000
   (498, 498)       0.4714
   (499, 499)       1.5104
   (400, 500)       1.0000
   (500, 500)       2.4869
   (401, 501)       1.0000
   (500, 501)       1.0000
   (501, 501)       2.0270
   (402, 502)       1.0000
   (501, 502)       1.0000
   (502, 502)       2.7125
   (403, 503)       1.0000
   (502, 503)       1.0000
   (503, 503)       0.5733
   (404, 504)       1.0000
   (503, 504)       1.0000
   (504, 504)       1.1836
   (405, 505)       1.0000
   (504, 505)       1.0000
   (505, 505)       2.1182
   (406, 506)       1.0000
   (505, 506)       1.0000
   (506, 506)       2.6068
   (407, 507)       1.0000
   (506, 507)       1.0000
   (507, 507)       1.6422
   (408, 508)       1.0000
   (507, 508)       1.0000
   (508, 508)       2.2169
   (508, 509)       1.0000
   (509, 509)       2.7975
   (410, 510)       1.0000
   (500, 510)       1.0000
   (510, 510)       0.6994
   (411, 511)       1.0000
   (501, 511)       1.0000
   (510, 511)       1.0000
   (511, 511)       2.7797
   (412, 512)       1.0000
   (502, 512)       1.0000
   (511, 512)       1.0000
   (512, 512)       1.6543
   (413, 513)       1.0000
   (503, 513)       1.0000
   (512, 513)       1.0000
   (513, 513)       2.8003
   (414, 514)       1.0000
   (504, 514)       1.0000
   (513, 514)       1.0000
   (514, 514)       1.4832
   (415, 515)       1.0000
   (505, 515)       1.0000
   (514, 515)       1.0000
   (515, 515)       1.6577
   (416, 516)       1.0000
   (506, 516)       1.0000
   (515, 516)       1.0000
   (516, 516)       2.8174
   (417, 517)       1.0000
   (507, 517)       1.0000
   (516, 517)       1.0000
   (517, 517)       2.3989
   (418, 518)       1.0000
   (508, 518)       1.0000
   (517, 518)       1.0000
   (518, 518)       2.4424
   (518, 519)       1.0000
   (519, 519)       1.7835
   (420, 520)       1.0000
   (510, 520)       1.0000
   (520, 520)       1.9716
   (421, 521)       1.0000
   (511, 521)       1.0000
   (520, 521)       1.0000
   (521, 521)       2.9859
   (422, 522)       1.0000
   (512, 522)       1.0000
   (521, 522)       1.0000
   (522, 522)       2.8076
   (423, 523)       1.0000
   (513, 523)       1.0000
   (522, 523)       1.0000
   (523, 523)       0.9736
   (424, 524)       1.0000
   (514, 524)       1.0000
   (523, 524)       1.0000
   (524, 524)       2.6229
   (425, 525)       1.0000
   (515, 525)       1.0000
   (524, 525)       1.0000
   (525, 525)       1.7675
   (426, 526)       1.0000
   (516, 526)       1.0000
   (525, 526)       1.0000
   (526, 526)       1.9133
   (427, 527)       1.0000
   (517, 527)       1.0000
   (526, 527)       1.0000
   (527, 527)       2.2780
   (428, 528)       1.0000
   (518, 528)       1.0000
   (527, 528)       1.0000
   (528, 528)       2.3263
   (528, 529)       1.0000
   (529, 529)       2.3847
   (430, 530)       1.0000
   (520, 530)       1.0000
   (530, 530)       0.7884
   (431, 531)       1.0000
   (521, 531)       1.0000
   (530, 531)       1.0000
   (531, 531)       1.8131
   (432, 532)       1.0000
   (522, 532)       1.0000
   (531, 532)       1.0000
   (532, 532)       1.4117
   (433, 533)       1.0000
   (523, 533)       1.0000
   (532, 533)       1.0000
   (533, 533)       0.5009
   (434, 534)       1.0000
   (524, 534)       1.0000
   (533, 534)       1.0000
   (534, 534)       2.3865
   (435, 535)       1.0000
   (525, 535)       1.0000
   (534, 535)       1.0000
   (535, 535)       2.5953
   (436, 536)       1.0000
   (526, 536)       1.0000
   (535, 536)       1.0000
   (536, 536)       2.6191
   (437, 537)       1.0000
   (527, 537)       1.0000
   (536, 537)       1.0000
   (537, 537)       1.9932
   (438, 538)       1.0000
   (528, 538)       1.0000
   (537, 538)       1.0000
   (538, 538)       1.2374
   (538, 539)       1.0000
   (539, 539)       1.8359
   (440, 540)       1.0000
   (530, 540)       1.0000
   (540, 540)       1.7907
   (441, 541)       1.0000
   (531, 541)       1.0000
   (540, 541)       1.0000
   (541, 541)       1.9368
   (442, 542)       1.0000
   (532, 542)       1.0000
   (541, 542)       1.0000
   (542, 542)       1.6157
   (443, 543)       1.0000
   (533, 543)       1.0000
   (542, 543)       1.0000
   (543, 543)       0.4450
   (444, 544)       1.0000
   (534, 544)       1.0000
   (543, 544)       1.0000
   (544, 544)       1.7371
   (445, 545)       1.0000
   (535, 545)       1.0000
   (544, 545)       1.0000
   (545, 545)       0.0989
   (446, 546)       1.0000
   (536, 546)       1.0000
   (545, 546)       1.0000
   (546, 546)       2.1027
   (447, 547)       1.0000
   (537, 547)       1.0000
   (546, 547)       1.0000
   (547, 547)       1.5545
   (448, 548)       1.0000
   (538, 548)       1.0000
   (547, 548)       1.0000
   (548, 548)       2.4978
   (548, 549)       1.0000
   (549, 549)       1.5451
   (450, 550)       1.0000
   (540, 550)       1.0000
   (550, 550)       0.3379
   (451, 551)       1.0000
   (541, 551)       1.0000
   (550, 551)       1.0000
   (551, 551)       1.4694
   (452, 552)       1.0000
   (542, 552)       1.0000
   (551, 552)       1.0000
   (552, 552)       1.5310
   (453, 553)       1.0000
   (543, 553)       1.0000
   (552, 553)       1.0000
   (553, 553)       0.1455
   (454, 554)       1.0000
   (544, 554)       1.0000
   (553, 554)       1.0000
   (554, 554)       2.4431
   (455, 555)       1.0000
   (545, 555)       1.0000
   (554, 555)       1.0000
   (555, 555)       1.1540
   (456, 556)       1.0000
   (546, 556)       1.0000
   (555, 556)       1.0000
   (556, 556)       1.9130
   (457, 557)       1.0000
   (547, 557)       1.0000
   (556, 557)       1.0000
   (557, 557)       1.3564
   (458, 558)       1.0000
   (548, 558)       1.0000
   (557, 558)       1.0000
   (558, 558)       0.4319
   (558, 559)       1.0000
   (559, 559)       1.2392
   (460, 560)       1.0000
   (550, 560)       1.0000
   (560, 560)       0.7411
   (461, 561)       1.0000
   (551, 561)       1.0000
   (560, 561)       1.0000
   (561, 561)       1.2203
   (462, 562)       1.0000
   (552, 562)       1.0000
   (561, 562)       1.0000
   (562, 562)       0.0524
   (463, 563)       1.0000
   (553, 563)       1.0000
   (562, 563)       1.0000
   (563, 563)       2.1528
   (464, 564)       1.0000
   (554, 564)       1.0000
   (563, 564)       1.0000
   (564, 564)       1.7212
   (465, 565)       1.0000
   (555, 565)       1.0000
   (564, 565)       1.0000
   (565, 565)       2.4388
   (466, 566)       1.0000
   (556, 566)       1.0000
   (565, 566)       1.0000
   (566, 566)       1.7480
   (467, 567)       1.0000
   (557, 567)       1.0000
   (566, 567)       1.0000
   (567, 567)       1.3402
   (468, 568)       1.0000
   (558, 568)       1.0000
   (567, 568)       1.0000
   (568, 568)       1.4321
   (568, 569)       1.0000
   (569, 569)       2.9855
   (470, 570)       1.0000
   (560, 570)       1.0000
   (570, 570)       0.1762
   (471, 571)       1.0000
   (561, 571)       1.0000
   (570, 571)       1.0000
   (571, 571)       0.2228
   (472, 572)       1.0000
   (562, 572)       1.0000
   (571, 572)       1.0000
   (572, 572)       1.9223
   (473, 573)       1.0000
   (563, 573)       1.0000
   (572, 573)       1.0000
   (573, 573)       1.7918
   (474, 574)       1.0000
   (564, 574)       1.0000
   (573, 574)       1.0000
   (574, 574)       0.6678
   (475, 575)       1.0000
   (565, 575)       1.0000
   (574, 575)       1.0000
   (575, 575)       0.6594
   (476, 576)       1.0000
   (566, 576)       1.0000
   (575, 576)       1.0000
   (576, 576)       1.8907
   (477, 577)       1.0000
   (567, 577)       1.0000
   (576, 577)       1.0000
   (577, 577)       2.7705
   (478, 578)       1.0000
   (568, 578)       1.0000
   (577, 578)       1.0000
   (578, 578)       2.2138
   (578, 579)       1.0000
   (579, 579)       1.3886
   (480, 580)       1.0000
   (570, 580)       1.0000
   (580, 580)       1.3157
   (481, 581)       1.0000
   (571, 581)       1.0000
   (580, 581)       1.0000
   (581, 581)       2.5518
   (482, 582)       1.0000
   (572, 582)       1.0000
   (581, 582)       1.0000
   (582, 582)       2.8580
   (483, 583)       1.0000
   (573, 583)       1.0000
   (582, 583)       1.0000
   (583, 583)       2.8467
   (484, 584)       1.0000
   (574, 584)       1.0000
   (583, 584)       1.0000
   (584, 584)       2.6973
   (485, 585)       1.0000
   (575, 585)       1.0000
   (584, 585)       1.0000
   (585, 585)       2.3010
   (486, 586)       1.0000
   (576, 586)       1.0000
   (585, 586)       1.0000
   (586, 586)       1.0007
   (487, 587)       1.0000
   (577, 587)       1.0000
   (586, 587)       1.0000
   (587, 587)       1.6102
   (488, 588)       1.0000
   (578, 588)       1.0000
   (587, 588)       1.0000
   (588, 588)       0.6574
   (588, 589)       1.0000
   (589, 589)       1.4327
   (580, 590)       1.0000
   (590, 590)       2.8495
   (581, 591)       1.0000
   (591, 591)       1.3985
   (582, 592)       1.0000
   (592, 592)       2.6530
   (583, 593)       1.0000
   (593, 593)       2.9018
   (584, 594)       1.0000
   (594, 594)       0.5513
   (585, 595)       1.0000
   (595, 595)       1.3741
   (586, 596)       1.0000
   (596, 596)       2.3407
   (587, 597)       1.0000
   (597, 597)       2.2993
   (588, 598)       1.0000
   (598, 598)       2.7143
   (599, 599)       0.7728
   (500, 600)       1.0000
   (600, 600)       2.2848
   (501, 601)       1.0000
   (600, 601)       1.0000
   (601, 601)       2.8905
   (502, 602)       1.0000
   (601, 602)       1.0000
   (602, 602)       0.9955
   (503, 603)       1.0000
   (602, 603)       1.0000
   (603, 603)       1.2071
   (504, 604)       1.0000
   (603, 604)       1.0000
   (604, 604)       1.6824
   (505, 605)       1.0000
   (604, 605)       1.0000
   (605, 605)       1.6633
   (506, 606)       1.0000
   (605, 606)       1.0000
   (606, 606)       1.8665
   (507, 607)       1.0000
   (606, 607)       1.0000
   (607, 607)       0.5731
   (508, 608)       1.0000
   (607, 608)       1.0000
   (608, 608)       1.4339
   (608, 609)       1.0000
   (609, 609)       1.0803
   (510, 610)       1.0000
   (600, 610)       1.0000
   (610, 610)       1.9616
   (511, 611)       1.0000
   (601, 611)       1.0000
   (610, 611)       1.0000
   (611, 611)       2.7496
   (512, 612)       1.0000
   (602, 612)       1.0000
   (611, 612)       1.0000
   (612, 612)       0.6321
   (513, 613)       1.0000
   (603, 613)       1.0000
   (612, 613)       1.0000
   (613, 613)       1.8196
   (514, 614)       1.0000
   (604, 614)       1.0000
   (613, 614)       1.0000
   (614, 614)       2.5963
   (515, 615)       1.0000
   (605, 615)       1.0000
   (614, 615)       1.0000
   (615, 615)       0.3293
   (516, 616)       1.0000
   (606, 616)       1.0000
   (615, 616)       1.0000
   (616, 616)       1.1207
   (517, 617)       1.0000
   (607, 617)       1.0000
   (616, 617)       1.0000
   (617, 617)       0.5970
   (518, 618)       1.0000
   (608, 618)       1.0000
   (617, 618)       1.0000
   (618, 618)       1.9396
   (618, 619)       1.0000
   (619, 619)       1.7781
   (520, 620)       1.0000
   (610, 620)       1.0000
   (620, 620)       2.0297
   (521, 621)       1.0000
   (611, 621)       1.0000
   (620, 621)       1.0000
   (621, 621)       1.7890
   (522, 622)       1.0000
   (612, 622)       1.0000
   (621, 622)       1.0000
   (622, 622)       0.1766
   (523, 623)       1.0000
   (613, 623)       1.0000
   (622, 623)       1.0000
   (623, 623)       1.6826
   (524, 624)       1.0000
   (614, 624)       1.0000
   (623, 624)       1.0000
   (624, 624)       1.6909
   (525, 625)       1.0000
   (615, 625)       1.0000
   (624, 625)       1.0000
   (625, 625)       0.7279
   (526, 626)       1.0000
   (616, 626)       1.0000
   (625, 626)       1.0000
   (626, 626)       0.0567
   (527, 627)       1.0000
   (617, 627)       1.0000
   (626, 627)       1.0000
   (627, 627)       1.0315
   (528, 628)       1.0000
   (618, 628)       1.0000
   (627, 628)       1.0000
   (628, 628)       0.0272
   (628, 629)       1.0000
   (629, 629)       2.7711
   (530, 630)       1.0000
   (620, 630)       1.0000
   (630, 630)       1.8043
   (531, 631)       1.0000
   (621, 631)       1.0000
   (630, 631)       1.0000
   (631, 631)       2.3121
   (532, 632)       1.0000
   (622, 632)       1.0000
   (631, 632)       1.0000
   (632, 632)       2.6616
   (533, 633)       1.0000
   (623, 633)       1.0000
   (632, 633)       1.0000
   (633, 633)       2.7998
   (534, 634)       1.0000
   (624, 634)       1.0000
   (633, 634)       1.0000
   (634, 634)       0.5192
   (535, 635)       1.0000
   (625, 635)       1.0000
   (634, 635)       1.0000
   (635, 635)       1.3439
   (536, 636)       1.0000
   (626, 636)       1.0000
   (635, 636)       1.0000
   (636, 636)       1.4632
   (537, 637)       1.0000
   (627, 637)       1.0000
   (636, 637)       1.0000
   (637, 637)       2.3857
   (538, 638)       1.0000
   (628, 638)       1.0000
   (637, 638)       1.0000
   (638, 638)       1.9170
   (638, 639)       1.0000
   (639, 639)       2.8970
   (540, 640)       1.0000
   (630, 640)       1.0000
   (640, 640)       0.4660
   (541, 641)       1.0000
   (631, 641)       1.0000
   (640, 641)       1.0000
   (641, 641)       0.8787
   (542, 642)       1.0000
   (632, 642)       1.0000
   (641, 642)       1.0000
   (642, 642)       2.6466
   (543, 643)       1.0000
   (633, 643)       1.0000
   (642, 643)       1.0000
   (643, 643)       1.0981
   (544, 644)       1.0000
   (634, 644)       1.0000
   (643, 644)       1.0000
   (644, 644)       2.6983
   (545, 645)       1.0000
   (635, 645)       1.0000
   (644, 645)       1.0000
   (645, 645)       2.2429
   (546, 646)       1.0000
   (636, 646)       1.0000
   (645, 646)       1.0000
   (646, 646)       1.4274
   (547, 647)       1.0000
   (637, 647)       1.0000
   (646, 647)       1.0000
   (647, 647)       0.8190
   (548, 648)       1.0000
   (638, 648)       1.0000
   (647, 648)       1.0000
   (648, 648)       2.8399
   (648, 649)       1.0000
   (649, 649)       0.3670
   (550, 650)       1.0000
   (640, 650)       1.0000
   (650, 650)       2.5970
   (551, 651)       1.0000
   (641, 651)       1.0000
   (650, 651)       1.0000
   (651, 651)       1.8696
   (552, 652)       1.0000
   (642, 652)       1.0000
   (651, 652)       1.0000
   (652, 652)       2.1560
   (553, 653)       1.0000
   (643, 653)       1.0000
   (652, 653)       1.0000
   (653, 653)       2.7736
   (554, 654)       1.0000
   (644, 654)       1.0000
   (653, 654)       1.0000
   (654, 654)       0.5522
   (555, 655)       1.0000
   (645, 655)       1.0000
   (654, 655)       1.0000
   (655, 655)       0.8469
   (556, 656)       1.0000
   (646, 656)       1.0000
   (655, 656)       1.0000
   (656, 656)       0.5015
   (557, 657)       1.0000
   (647, 657)       1.0000
   (656, 657)       1.0000
   (657, 657)       0.6089
   (558, 658)       1.0000
   (648, 658)       1.0000
   (657, 658)       1.0000
   (658, 658)       1.8784
   (658, 659)       1.0000
   (659, 659)       0.5287
   (560, 660)       1.0000
   (650, 660)       1.0000
   (660, 660)       0.3800
   (561, 661)       1.0000
   (651, 661)       1.0000
   (660, 661)       1.0000
   (661, 661)       0.6827
   (562, 662)       1.0000
   (652, 662)       1.0000
   (661, 662)       1.0000
   (662, 662)       2.8408
   (563, 663)       1.0000
   (653, 663)       1.0000
   (662, 663)       1.0000
   (663, 663)       0.0416
   (564, 664)       1.0000
   (654, 664)       1.0000
   (663, 664)       1.0000
   (664, 664)       0.4825
   (565, 665)       1.0000
   (655, 665)       1.0000
   (664, 665)       1.0000
   (665, 665)       0.3600
   (566, 666)       1.0000
   (656, 666)       1.0000
   (665, 666)       1.0000
   (666, 666)       1.3855
   (567, 667)       1.0000
   (657, 667)       1.0000
   (666, 667)       1.0000
   (667, 667)       1.9456
   (568, 668)       1.0000
   (658, 668)       1.0000
   (667, 668)       1.0000
   (668, 668)       2.7457
   (668, 669)       1.0000
   (669, 669)       0.3026
   (570, 670)       1.0000
   (660, 670)       1.0000
   (670, 670)       1.8427
   (571, 671)       1.0000
   (661, 671)       1.0000
   (670, 671)       1.0000
   (671, 671)       0.2117
   (572, 672)       1.0000
   (662, 672)       1.0000
   (671, 672)       1.0000
   (672, 672)       1.1812
   (573, 673)       1.0000
   (663, 673)       1.0000
   (672, 673)       1.0000
   (673, 673)       1.4893
   (574, 674)       1.0000
   (664, 674)       1.0000
   (673, 674)       1.0000
   (674, 674)       1.3098
   (575, 675)       1.0000
   (665, 675)       1.0000
   (674, 675)       1.0000
   (675, 675)       0.8795
   (576, 676)       1.0000
   (666, 676)       1.0000
   (675, 676)       1.0000
   (676, 676)       0.7322
   (577, 677)       1.0000
   (667, 677)       1.0000
   (676, 677)       1.0000
   (677, 677)       2.7372
   (578, 678)       1.0000
   (668, 678)       1.0000
   (677, 678)       1.0000
   (678, 678)       1.6985
   (678, 679)       1.0000
   (679, 679)       0.5721
   (580, 680)       1.0000
   (670, 680)       1.0000
   (680, 680)       0.1041
   (581, 681)       1.0000
   (671, 681)       1.0000
   (680, 681)       1.0000
   (681, 681)       1.2955
   (582, 682)       1.0000
   (672, 682)       1.0000
   (681, 682)       1.0000
   (682, 682)       2.4417
   (583, 683)       1.0000
   (673, 683)       1.0000
   (682, 683)       1.0000
   (683, 683)       2.2601
   (584, 684)       1.0000
   (674, 684)       1.0000
   (683, 684)       1.0000
   (684, 684)       1.0691
   (585, 685)       1.0000
   (675, 685)       1.0000
   (684, 685)       1.0000
   (685, 685)       2.9939
   (586, 686)       1.0000
   (676, 686)       1.0000
   (685, 686)       1.0000
   (686, 686)       0.1070
   (587, 687)       1.0000
   (677, 687)       1.0000
   (686, 687)       1.0000
   (687, 687)       1.5706
   (588, 688)       1.0000
   (678, 688)       1.0000
   (687, 688)       1.0000
   (688, 688)       0.6028
   (688, 689)       1.0000
   (689, 689)       1.9854
   (680, 690)       1.0000
   (690, 690)       2.0994
   (681, 691)       1.0000
   (691, 691)       0.9828
   (682, 692)       1.0000
   (692, 692)       2.6680
   (683, 693)       1.0000
   (693, 693)       1.9401
   (684, 694)       1.0000
   (694, 694)       1.0244
   (685, 695)       1.0000
   (695, 695)       0.1505
   (686, 696)       1.0000
   (696, 696)       2.3001
   (687, 697)       1.0000
   (697, 697)       2.4100
   (688, 698)       1.0000
   (698, 698)       2.0961
   (699, 699)       2.0458
   (600, 700)       1.0000
   (700, 700)       2.7126
   (601, 701)       1.0000
   (700, 701)       1.0000
   (701, 701)       0.9388
   (602, 702)       1.0000
   (701, 702)       1.0000
   (702, 702)       2.2574
   (603, 703)       1.0000
   (702, 703)       1.0000
   (703, 703)       0.8938
   (604, 704)       1.0000
   (703, 704)       1.0000
   (704, 704)       2.4281
   (605, 705)       1.0000
   (704, 705)       1.0000
   (705, 705)       0.5672
   (606, 706)       1.0000
   (705, 706)       1.0000
   (706, 706)       1.7733
   (607, 707)       1.0000
   (706, 707)       1.0000
   (707, 707)       0.1603
   (608, 708)       1.0000
   (707, 708)       1.0000
   (708, 708)       0.3044
   (708, 709)       1.0000
   (709, 709)       0.4718
   (610, 710)       1.0000
   (700, 710)       1.0000
   (710, 710)       0.7324
   (611, 711)       1.0000
   (701, 711)       1.0000
   (710, 711)       1.0000
   (711, 711)       0.4085
   (612, 712)       1.0000
   (702, 712)       1.0000
   (711, 712)       1.0000
   (712, 712)       1.7674
   (613, 713)       1.0000
   (703, 713)       1.0000
   (712, 713)       1.0000
   (713, 713)       0.1742
   (614, 714)       1.0000
   (704, 714)       1.0000
   (713, 714)       1.0000
   (714, 714)       2.6687
   (615, 715)       1.0000
   (705, 715)       1.0000
   (714, 715)       1.0000
   (715, 715)       2.8365
   (616, 716)       1.0000
   (706, 716)       1.0000
   (715, 716)       1.0000
   (716, 716)       0.1681
   (617, 717)       1.0000
   (707, 717)       1.0000
   (716, 717)       1.0000
   (717, 717)       2.7757
   (618, 718)       1.0000
   (708, 718)       1.0000
   (717, 718)       1.0000
   (718, 718)       1.4072
   (718, 719)       1.0000
   (719, 719)       0.7709
   (620, 720)       1.0000
   (710, 720)       1.0000
   (720, 720)       1.7610
   (621, 721)       1.0000
   (711, 721)       1.0000
   (720, 721)       1.0000
   (721, 721)       0.5065
   (622, 722)       1.0000
   (712, 722)       1.0000
   (721, 722)       1.0000
   (722, 722)       1.7538
   (623, 723)       1.0000
   (713, 723)       1.0000
   (722, 723)       1.0000
   (723, 723)       1.4291
   (624, 724)       1.0000
   (714, 724)       1.0000
   (723, 724)       1.0000
   (724, 724)       2.4466
   (625, 725)       1.0000
   (715, 725)       1.0000
   (724, 725)       1.0000
   (725, 725)       2.7782
   (626, 726)       1.0000
   (716, 726)       1.0000
   (725, 726)       1.0000
   (726, 726)       1.5796
   (627, 727)       1.0000
   (717, 727)       1.0000
   (726, 727)       1.0000
   (727, 727)       1.7468
   (628, 728)       1.0000
   (718, 728)       1.0000
   (727, 728)       1.0000
   (728, 728)       2.1882
   (728, 729)       1.0000
   (729, 729)       0.6757
   (630, 730)       1.0000
   (720, 730)       1.0000
   (730, 730)       0.7925
   (631, 731)       1.0000
   (721, 731)       1.0000
   (730, 731)       1.0000
   (731, 731)       1.9008
   (632, 732)       1.0000
   (722, 732)       1.0000
   (731, 732)       1.0000
   (732, 732)       1.6145
   (633, 733)       1.0000
   (723, 733)       1.0000
   (732, 733)       1.0000
   (733, 733)       0.0500
   (634, 734)       1.0000
   (724, 734)       1.0000
   (733, 734)       1.0000
   (734, 734)       2.7946
   (635, 735)       1.0000
   (725, 735)       1.0000
   (734, 735)       1.0000
   (735, 735)       1.0426
   (636, 736)       1.0000
   (726, 736)       1.0000
   (735, 736)       1.0000
   (736, 736)       0.6171
   (637, 737)       1.0000
   (727, 737)       1.0000
   (736, 737)       1.0000
   (737, 737)       1.5679
   (638, 738)       1.0000
   (728, 738)       1.0000
   (737, 738)       1.0000
   (738, 738)       1.2030
   (738, 739)       1.0000
   (739, 739)       0.9215
   (640, 740)       1.0000
   (730, 740)       1.0000
   (740, 740)       2.0397
   (641, 741)       1.0000
   (731, 741)       1.0000
   (740, 741)       1.0000
   (741, 741)       1.9354
   (642, 742)       1.0000
   (732, 742)       1.0000
   (741, 742)       1.0000
   (742, 742)       1.3300
   (643, 743)       1.0000
   (733, 743)       1.0000
   (742, 743)       1.0000
   (743, 743)       0.8071
   (644, 744)       1.0000
   (734, 744)       1.0000
   (743, 744)       1.0000
   (744, 744)       2.1096
   (645, 745)       1.0000
   (735, 745)       1.0000
   (744, 745)       1.0000
   (745, 745)       0.9987
   (646, 746)       1.0000
   (736, 746)       1.0000
   (745, 746)       1.0000
   (746, 746)       0.6436
   (647, 747)       1.0000
   (737, 747)       1.0000
   (746, 747)       1.0000
   (747, 747)       2.2776
   (648, 748)       1.0000
   (738, 748)       1.0000
   (747, 748)       1.0000
   (748, 748)       0.7743
   (748, 749)       1.0000
   (749, 749)       2.0507
   (650, 750)       1.0000
   (740, 750)       1.0000
   (750, 750)       0.0485
   (651, 751)       1.0000
   (741, 751)       1.0000
   (750, 751)       1.0000
   (751, 751)       2.5354
   (652, 752)       1.0000
   (742, 752)       1.0000
   (751, 752)       1.0000
   (752, 752)       2.5572
   (653, 753)       1.0000
   (743, 753)       1.0000
   (752, 753)       1.0000
   (753, 753)       1.8023
   (654, 754)       1.0000
   (744, 754)       1.0000
   (753, 754)       1.0000
   (754, 754)       0.9644
   (655, 755)       1.0000
   (745, 755)       1.0000
   (754, 755)       1.0000
   (755, 755)       2.0039
   (656, 756)       1.0000
   (746, 756)       1.0000
   (755, 756)       1.0000
   (756, 756)       1.5805
   (657, 757)       1.0000
   (747, 757)       1.0000
   (756, 757)       1.0000
   (757, 757)       2.5440
   (658, 758)       1.0000
   (748, 758)       1.0000
   (757, 758)       1.0000
   (758, 758)       0.7506
   (758, 759)       1.0000
   (759, 759)       0.7687
   (660, 760)       1.0000
   (750, 760)       1.0000
   (760, 760)       0.2197
   (661, 761)       1.0000
   (751, 761)       1.0000
   (760, 761)       1.0000
   (761, 761)       1.5431
   (662, 762)       1.0000
   (752, 762)       1.0000
   (761, 762)       1.0000
   (762, 762)       2.6694
   (663, 763)       1.0000
   (753, 763)       1.0000
   (762, 763)       1.0000
   (763, 763)       1.8342
   (664, 764)       1.0000
   (754, 764)       1.0000
   (763, 764)       1.0000
   (764, 764)       1.5931
   (665, 765)       1.0000
   (755, 765)       1.0000
   (764, 765)       1.0000
   (765, 765)       2.4640
   (666, 766)       1.0000
   (756, 766)       1.0000
   (765, 766)       1.0000
   (766, 766)       2.8769
   (667, 767)       1.0000
   (757, 767)       1.0000
   (766, 767)       1.0000
   (767, 767)       2.2102
   (668, 768)       1.0000
   (758, 768)       1.0000
   (767, 768)       1.0000
   (768, 768)       1.0319
   (768, 769)       1.0000
   (769, 769)       1.0798
   (670, 770)       1.0000
   (760, 770)       1.0000
   (770, 770)       0.1317
   (671, 771)       1.0000
   (761, 771)       1.0000
   (770, 771)       1.0000
   (771, 771)       0.0716
   (672, 772)       1.0000
   (762, 772)       1.0000
   (771, 772)       1.0000
   (772, 772)       0.0152
   (673, 773)       1.0000
   (763, 773)       1.0000
   (772, 773)       1.0000
   (773, 773)       1.4618
   (674, 774)       1.0000
   (764, 774)       1.0000
   (773, 774)       1.0000
   (774, 774)       0.8787
   (675, 775)       1.0000
   (765, 775)       1.0000
   (774, 775)       1.0000
   (775, 775)       2.1248
   (676, 776)       1.0000
   (766, 776)       1.0000
   (775, 776)       1.0000
   (776, 776)       2.4604
   (677, 777)       1.0000
   (767, 777)       1.0000
   (776, 777)       1.0000
   (777, 777)       1.5222
   (678, 778)       1.0000
   (768, 778)       1.0000
   (777, 778)       1.0000
   (778, 778)       1.4024
   (778, 779)       1.0000
   (779, 779)       0.2348
   (680, 780)       1.0000
   (770, 780)       1.0000
   (780, 780)       0.5730
   (681, 781)       1.0000
   (771, 781)       1.0000
   (780, 781)       1.0000
   (781, 781)       1.4509
   (682, 782)       1.0000
   (772, 782)       1.0000
   (781, 782)       1.0000
   (782, 782)       2.7701
   (683, 783)       1.0000
   (773, 783)       1.0000
   (782, 783)       1.0000
   (783, 783)       0.1302
   (684, 784)       1.0000
   (774, 784)       1.0000
   (783, 784)       1.0000
   (784, 784)       0.2532
   (685, 785)       1.0000
   (775, 785)       1.0000
   (784, 785)       1.0000
   (785, 785)       0.7346
   (686, 786)       1.0000
   (776, 786)       1.0000
   (785, 786)       1.0000
   (786, 786)       2.1341
   (687, 787)       1.0000
   (777, 787)       1.0000
   (786, 787)       1.0000
   (787, 787)       1.8337
   (688, 788)       1.0000
   (778, 788)       1.0000
   (787, 788)       1.0000
   (788, 788)       0.2786
   (788, 789)       1.0000
   (789, 789)       2.8847
   (780, 790)       1.0000
   (790, 790)       2.6024
   (781, 791)       1.0000
   (791, 791)       0.4983
   (782, 792)       1.0000
   (792, 792)       1.4278
   (783, 793)       1.0000
   (793, 793)       2.2718
   (784, 794)       1.0000
   (794, 794)       2.3325
   (785, 795)       1.0000
   (795, 795)       0.0209
   (786, 796)       1.0000
   (796, 796)       1.7358
   (787, 797)       1.0000
   (797, 797)       2.2094
   (788, 798)       1.0000
   (798, 798)       2.2312
   (799, 799)       2.7677
   (700, 800)       1.0000
   (800, 800)       0.2892
   (701, 801)       1.0000
   (800, 801)       1.0000
   (801, 801)       2.3629
   (702, 802)       1.0000
   (801, 802)       1.0000
   (802, 802)       2.8393
   (703, 803)       1.0000
   (802, 803)       1.0000
   (803, 803)       0.3044
   (704, 804)       1.0000
   (803, 804)       1.0000
   (804, 804)       0.8247
   (705, 805)       1.0000
   (804, 805)       1.0000
   (805, 805)       0.7180
   (706, 806)       1.0000
   (805, 806)       1.0000
   (806, 806)       2.4292
   (707, 807)       1.0000
   (806, 807)       1.0000
   (807, 807)       0.2851
   (708, 808)       1.0000
   (807, 808)       1.0000
   (808, 808)       2.2402
   (808, 809)       1.0000
   (809, 809)       0.8316
   (710, 810)       1.0000
   (800, 810)       1.0000
   (810, 810)       0.5199
   (711, 811)       1.0000
   (801, 811)       1.0000
   (810, 811)       1.0000
   (811, 811)       2.8131
   (712, 812)       1.0000
   (802, 812)       1.0000
   (811, 812)       1.0000
   (812, 812)       2.2826
   (713, 813)       1.0000
   (803, 813)       1.0000
   (812, 813)       1.0000
   (813, 813)       0.2900
   (714, 814)       1.0000
   (804, 814)       1.0000
   (813, 814)       1.0000
   (814, 814)       2.9433
   (715, 815)       1.0000
   (805, 815)       1.0000
   (814, 815)       1.0000
   (815, 815)       2.5358
   (716, 816)       1.0000
   (806, 816)       1.0000
   (815, 816)       1.0000
   (816, 816)       1.0246
   (717, 817)       1.0000
   (807, 817)       1.0000
   (816, 817)       1.0000
   (817, 817)       2.0774
   (718, 818)       1.0000
   (808, 818)       1.0000
   (817, 818)       1.0000
   (818, 818)       1.3695
   (818, 819)       1.0000
   (819, 819)       1.3032
   (720, 820)       1.0000
   (810, 820)       1.0000
   (820, 820)       1.9621
   (721, 821)       1.0000
   (811, 821)       1.0000
   (820, 821)       1.0000
   (821, 821)       0.9719
   (722, 822)       1.0000
   (812, 822)       1.0000
   (821, 822)       1.0000
   (822, 822)       1.8015
   (723, 823)       1.0000
   (813, 823)       1.0000
   (822, 823)       1.0000
   (823, 823)       0.3899
   (724, 824)       1.0000
   (814, 824)       1.0000
   (823, 824)       1.0000
   (824, 824)       0.2438
   (725, 825)       1.0000
   (815, 825)       1.0000
   (824, 825)       1.0000
   (825, 825)       1.1340
   (726, 826)       1.0000
   (816, 826)       1.0000
   (825, 826)       1.0000
   (826, 826)       0.4109
   (727, 827)       1.0000
   (817, 827)       1.0000
   (826, 827)       1.0000
   (827, 827)       1.9796
   (728, 828)       1.0000
   (818, 828)       1.0000
   (827, 828)       1.0000
   (828, 828)       0.3434
   (828, 829)       1.0000
   (829, 829)       2.6420
   (730, 830)       1.0000
   (820, 830)       1.0000
   (830, 830)       1.7473
   (731, 831)       1.0000
   (821, 831)       1.0000
   (830, 831)       1.0000
   (831, 831)       0.6326
   (732, 832)       1.0000
   (822, 832)       1.0000
   (831, 832)       1.0000
   (832, 832)       2.0050
   (733, 833)       1.0000
   (823, 833)       1.0000
   (832, 833)       1.0000
   (833, 833)       1.5867
   (734, 834)       1.0000
   (824, 834)       1.0000
   (833, 834)       1.0000
   (834, 834)       0.9370
   (735, 835)       1.0000
   (825, 835)       1.0000
   (834, 835)       1.0000
   (835, 835)       2.8297
   (736, 836)       1.0000
   (826, 836)       1.0000
   (835, 836)       1.0000
   (836, 836)       2.3046
   (737, 837)       1.0000
   (827, 837)       1.0000
   (836, 837)       1.0000
   (837, 837)       0.3663
   (738, 838)       1.0000
   (828, 838)       1.0000
   (837, 838)       1.0000
   (838, 838)       0.1148
   (838, 839)       1.0000
   (839, 839)       1.5448
   (740, 840)       1.0000
   (830, 840)       1.0000
   (840, 840)       1.1979
   (741, 841)       1.0000
   (831, 841)       1.0000
   (840, 841)       1.0000
   (841, 841)       0.6347
   (742, 842)       1.0000
   (832, 842)       1.0000
   (841, 842)       1.0000
   (842, 842)       1.3579
   (743, 843)       1.0000
   (833, 843)       1.0000
   (842, 843)       1.0000
   (843, 843)       0.4805
   (744, 844)       1.0000
   (834, 844)       1.0000
   (843, 844)       1.0000
   (844, 844)       0.9247
   (745, 845)       1.0000
   (835, 845)       1.0000
   (844, 845)       1.0000
   (845, 845)       1.3013
   (746, 846)       1.0000
   (836, 846)       1.0000
   (845, 846)       1.0000
   (846, 846)       0.0163
   (747, 847)       1.0000
   (837, 847)       1.0000
   (846, 847)       1.0000
   (847, 847)       1.9494
   (748, 848)       1.0000
   (838, 848)       1.0000
   (847, 848)       1.0000
   (848, 848)       0.3787
   (848, 849)       1.0000
   (849, 849)       1.3858
   (750, 850)       1.0000
   (840, 850)       1.0000
   (850, 850)       0.2526
   (751, 851)       1.0000
   (841, 851)       1.0000
   (850, 851)       1.0000
   (851, 851)       2.3408
   (752, 852)       1.0000
   (842, 852)       1.0000
   (851, 852)       1.0000
   (852, 852)       2.3578
   (753, 853)       1.0000
   (843, 853)       1.0000
   (852, 853)       1.0000
   (853, 853)       2.0540
   (754, 854)       1.0000
   (844, 854)       1.0000
   (853, 854)       1.0000
   (854, 854)       2.7307
   (755, 855)       1.0000
   (845, 855)       1.0000
   (854, 855)       1.0000
   (855, 855)       2.6016
   (756, 856)       1.0000
   (846, 856)       1.0000
   (855, 856)       1.0000
   (856, 856)       0.1880
   (757, 857)       1.0000
   (847, 857)       1.0000
   (856, 857)       1.0000
   (857, 857)       0.1415
   (758, 858)       1.0000
   (848, 858)       1.0000
   (857, 858)       1.0000
   (858, 858)       1.5812
   (858, 859)       1.0000
   (859, 859)       0.5314
   (760, 860)       1.0000
   (850, 860)       1.0000
   (860, 860)       2.7836
   (761, 861)       1.0000
   (851, 861)       1.0000
   (860, 861)       1.0000
   (861, 861)       0.3286
   (762, 862)       1.0000
   (852, 862)       1.0000
   (861, 862)       1.0000
   (862, 862)       1.1640
   (763, 863)       1.0000
   (853, 863)       1.0000
   (862, 863)       1.0000
   (863, 863)       1.7886
   (764, 864)       1.0000
   (854, 864)       1.0000
   (863, 864)       1.0000
   (864, 864)       1.9152
   (765, 865)       1.0000
   (855, 865)       1.0000
   (864, 865)       1.0000
   (865, 865)       2.1010
   (766, 866)       1.0000
   (856, 866)       1.0000
   (865, 866)       1.0000
   (866, 866)       1.6182
   (767, 867)       1.0000
   (857, 867)       1.0000
   (866, 867)       1.0000
   (867, 867)       1.2198
   (768, 868)       1.0000
   (858, 868)       1.0000
   (867, 868)       1.0000
   (868, 868)       2.4673
   (868, 869)       1.0000
   (869, 869)       1.7330
   (770, 870)       1.0000
   (860, 870)       1.0000
   (870, 870)       2.7647
   (771, 871)       1.0000
   (861, 871)       1.0000
   (870, 871)       1.0000
   (871, 871)       0.6652
   (772, 872)       1.0000
   (862, 872)       1.0000
   (871, 872)       1.0000
   (872, 872)       2.3677
   (773, 873)       1.0000
   (863, 873)       1.0000
   (872, 873)       1.0000
   (873, 873)       1.1226
   (774, 874)       1.0000
   (864, 874)       1.0000
   (873, 874)       1.0000
   (874, 874)       1.1457
   (775, 875)       1.0000
   (865, 875)       1.0000
   (874, 875)       1.0000
   (875, 875)       0.2925
   (776, 876)       1.0000
   (866, 876)       1.0000
   (875, 876)       1.0000
   (876, 876)       2.4239
   (777, 877)       1.0000
   (867, 877)       1.0000
   (876, 877)       1.0000
   (877, 877)       1.1620
   (778, 878)       1.0000
   (868, 878)       1.0000
   (877, 878)       1.0000
   (878, 878)       2.2418
   (878, 879)       1.0000
   (879, 879)       2.8025
   (780, 880)       1.0000
   (870, 880)       1.0000
   (880, 880)       2.5478
   (781, 881)       1.0000
   (871, 881)       1.0000
   (880, 881)       1.0000
   (881, 881)       2.4944
   (782, 882)       1.0000
   (872, 882)       1.0000
   (881, 882)       1.0000
   (882, 882)       2.1433
   (783, 883)       1.0000
   (873, 883)       1.0000
   (882, 883)       1.0000
   (883, 883)       1.9056
   (784, 884)       1.0000
   (874, 884)       1.0000
   (883, 884)       1.0000
   (884, 884)       1.5484
   (785, 885)       1.0000
   (875, 885)       1.0000
   (884, 885)       1.0000
   (885, 885)       1.8740
   (786, 886)       1.0000
   (876, 886)       1.0000
   (885, 886)       1.0000
   (886, 886)       1.5072
   (787, 887)       1.0000
   (877, 887)       1.0000
   (886, 887)       1.0000
   (887, 887)       1.7364
   (788, 888)       1.0000
   (878, 888)       1.0000
   (887, 888)       1.0000
   (888, 888)       2.0155
   (888, 889)       1.0000
   (889, 889)       0.0884
   (880, 890)       1.0000
   (890, 890)       2.2678
   (881, 891)       1.0000
   (891, 891)       1.7991
   (882, 892)       1.0000
   (892, 892)       0.4170
   (883, 893)       1.0000
   (893, 893)       0.4318
   (884, 894)       1.0000
   (894, 894)       0.5877
   (885, 895)       1.0000
   (895, 895)       2.3322
   (886, 896)       1.0000
   (896, 896)       2.5328
   (887, 897)       1.0000
   (897, 897)       2.2059
   (888, 898)       1.0000
   (898, 898)       0.5521
   (899, 899)       2.0001
   (800, 900)       1.0000
   (900, 900)       0.9390
   (801, 901)       1.0000
   (901, 901)       0.3167
   (802, 902)       1.0000
   (902, 902)       2.6653
   (803, 903)       1.0000
   (903, 903)       0.3067
   (804, 904)       1.0000
   (904, 904)       1.4393
   (805, 905)       1.0000
   (905, 905)       0.8110
   (806, 906)       1.0000
   (906, 906)       0.5992
   (807, 907)       1.0000
   (907, 907)       0.8632
   (808, 908)       1.0000
   (908, 908)       1.9729
   (909, 909)       2.8410
   (810, 910)       1.0000
   (910, 910)       0.6658
   (811, 911)       1.0000
   (911, 911)       1.5207
   (812, 912)       1.0000
   (912, 912)       2.3354
   (813, 913)       1.0000
   (913, 913)       2.8090
   (814, 914)       1.0000
   (914, 914)       0.4264
   (815, 915)       1.0000
   (915, 915)       0.8838
   (816, 916)       1.0000
   (916, 916)       1.6830
   (817, 917)       1.0000
   (917, 917)       1.9336
   (818, 918)       1.0000
   (918, 918)       2.6202
   (919, 919)       0.6985
   (820, 920)       1.0000
   (920, 920)       2.0220
   (821, 921)       1.0000
   (921, 921)       1.8881
   (822, 922)       1.0000
   (922, 922)       2.4977
   (823, 923)       1.0000
   (923, 923)       2.4390
   (824, 924)       1.0000
   (924, 924)       2.3199
   (825, 925)       1.0000
   (925, 925)       0.0854
   (826, 926)       1.0000
   (926, 926)       1.7712
   (827, 927)       1.0000
   (927, 927)       1.8527
   (828, 928)       1.0000
   (928, 928)       2.2913
   (929, 929)       2.3233
   (830, 930)       1.0000
   (930, 930)       0.8529
   (831, 931)       1.0000
   (931, 931)       0.2303
   (832, 932)       1.0000
   (932, 932)       2.6400
   (833, 933)       1.0000
   (933, 933)       0.5182
   (834, 934)       1.0000
   (934, 934)       0.5370
   (835, 935)       1.0000
   (935, 935)       1.0794
   (836, 936)       1.0000
   (936, 936)       1.3291
   (837, 937)       1.0000
   (937, 937)       1.1361
   (838, 938)       1.0000
   (938, 938)       1.9426
   (939, 939)       0.3021
   (840, 940)       1.0000
   (940, 940)       0.9771
   (841, 941)       1.0000
   (941, 941)       2.6083
   (842, 942)       1.0000
   (942, 942)       1.8228
   (843, 943)       1.0000
   (943, 943)       0.3125
   (844, 944)       1.0000
   (944, 944)       2.4174
   (845, 945)       1.0000
   (945, 945)       2.2492
   (846, 946)       1.0000
   (946, 946)       1.1963
   (847, 947)       1.0000
   (947, 947)       1.1004
   (848, 948)       1.0000
   (948, 948)       1.1827
   (949, 949)       0.8166
   (850, 950)       1.0000
   (950, 950)       1.7989
   (851, 951)       1.0000
   (951, 951)       0.2047
   (852, 952)       1.0000
   (952, 952)       2.7046
   (853, 953)       1.0000
   (953, 953)       1.2966
   (854, 954)       1.0000
   (954, 954)       2.6437
   (855, 955)       1.0000
   (955, 955)       2.0245
   (856, 956)       1.0000
   (956, 956)       1.3820
   (857, 957)       1.0000
   (957, 957)       1.4149
   (858, 958)       1.0000
   (958, 958)       0.8773
   (959, 959)       0.6732
   (860, 960)       1.0000
   (960, 960)       0.7382
   (861, 961)       1.0000
   (961, 961)       1.7302
   (862, 962)       1.0000
   (962, 962)       0.9035
   (863, 963)       1.0000
   (963, 963)       0.3782
   (864, 964)       1.0000
   (964, 964)       2.2483
   (865, 965)       1.0000
   (965, 965)       1.4405
   (866, 966)       1.0000
   (966, 966)       1.4576
   (867, 967)       1.0000
   (967, 967)       0.5775
   (868, 968)       1.0000
   (968, 968)       2.5766
   (969, 969)       0.4002
   (870, 970)       1.0000
   (970, 970)       0.8795
   (871, 971)       1.0000
   (971, 971)       0.5537
   (872, 972)       1.0000
   (972, 972)       0.0085
   (873, 973)       1.0000
   (973, 973)       2.7023
   (874, 974)       1.0000
   (974, 974)       0.8663
   (875, 975)       1.0000
   (975, 975)       2.4259
   (876, 976)       1.0000
   (976, 976)       1.9515
   (877, 977)       1.0000
   (977, 977)       2.0626
   (878, 978)       1.0000
   (978, 978)       0.5262
   (979, 979)       0.1342
   (880, 980)       1.0000
   (980, 980)       2.8791
   (881, 981)       1.0000
   (981, 981)       2.3252
   (882, 982)       1.0000
   (982, 982)       0.3389
   (883, 983)       1.0000
   (983, 983)       2.5838
   (884, 984)       1.0000
   (984, 984)       0.6218
   (885, 985)       1.0000
   (985, 985)       2.9826
   (886, 986)       1.0000
   (986, 986)       1.6083
   (887, 987)       1.0000
   (987, 987)       2.0037
   (888, 988)       1.0000
   (988, 988)       1.3975
   (989, 989)       2.4856
   (990, 990)       2.6770
   (991, 991)       2.1357
   (992, 992)       1.2158
   (993, 993)       0.5805
   (994, 994)       2.5140
   (995, 995)       0.4641
   (996, 996)       2.0209
   (997, 997)       0.9716
   (998, 998)       1.0416
   (999, 999)       1.5975

